"word","frequency"
"this",2375
"quality",1493
"please",1475
"listing",1448
"the",1413
"mdma",1252
"high",1223
"lsd",1009
"pills",914
"grams",910
"will",886
"white",880
"order",861
"purity",831
"pure",807
"read",797
"powder",770
"for",758
"profile",703
"dutch",678
"free",665
"kush",661
"gram",657
"name",652
"cocaine",626
"how",609
"new",601
"total",593
"weight",592
"compound",586
"tested",586
"formula",578
"appearance",577
"related",577
"substance",572
"weed",572
"cas",568
"impurities",568
"iupac",568
"molecular",568
"you",567
"grade",564
"can",557
"product",550
"best",538
"generic",534
"before",531
"brand",518
"shipping",506
"guide",502
"one",501
"crystal",500
"crystals",480
"get",479
"offer",478
"sent",475
"strong",466
"good",451
"page",430
"blotter",425
"very",399
"via",395
"download",386
"only",382
"delivery",381
"digital",364
"green",361
"reagent",345
"thc",344
"aaa",342
"our",328
"strain",323
"card",310
"number",309
"time",309
"paypal",301
"price",301
"clean",296
"usa",296
"online",294
"these",292
"great",291
"make",289
"day",288
"available",286
"buy",285
"hash",285
"terms",285
"sweet",284
"and",281
"made",279
"account",274
"heroin",274
"indica",273
"potent",269
"questioning",268
"early",267
"blotters",262
"just",260
"ordering",259
"top",259
"manufactured",258
"speed",256
"replica",251
"all",247
"tracking",245
"check",244
"orders",243
"chno",240
"next",239
"blue",236
"first",233
"tutorial",232
"key",230
"use",230
"seeds",228
"indoor",226
"xanax",226
"carding",225
"full",223
"real",223
"big",220
"license",219
"like",219
"cards",218
"money",218
"now",218
"yellow",218
"not",217
"chfno",216
"per",214
"with",214
"also",210
"fresh",209
"mda",209
"legitimate",208
"your",208
"hybrid",207
"paste",207
"tabs",207
"watch",205
"pharma",204
"book",201
"escrow",201
"must",201
"buds",199
"finalize",197
"body",196
"sample",196
"special",196
"visa",196
"well",196
"bulk",195
"australia",192
"xtc",191
"discreet",190
"ndd",189
"vendor",189
"contains",186
"grown",186
"stealth",186
"used",185
"small",184
"meth",183
"acid",181
"ship",181
"worldwide",181
"nice",180
"sind",180
"black",178
"many",177
"super",176
"ketamine",172
"haze",171
"info",170
"original",170
"sativa",170
"bank",168
"method",167
"dont",164
"know",164
"express",162
"using",161
"hits",160
"ever",158
"dose",157
"methods",157
"dimethylone",155
"information",155
"light",155
"analogue",154
"bitcoins",154
"pill",154
"commercial",153
"list",153
"bubba",152
"liquid",152
"marijuana",149
"easy",148
"part",148
"sale",148
"address",147
"from",147
"ice",147
"methylone",147
"note",146
"born",145
"explore",144
"when",143
"tan",142
"smoke",140
"two",140
"collection",139
"cheese",138
"packing",138
"agora",137
"genuine",137
"service",136
"wax",135
"load",132
"swiss",132
"straight",131
"ultimate",131
"highgrade",129
"sold",129
"afghan",128
"hacking",128
"cashout",127
"credit",127
"shipped",127
"accounts",126
"exclusive",126
"outdoor",126
"psychedelic",126
"what",126
"amphetamine",125
"bar",125
"drug",125
"want",125
"see",124
"heat",123
"verified",123
"alprazolam",122
"any",121
"security",121
"date",120
"silvergrey",120
"skunk",120
"cipla",118
"cured",118
"jack",118
"silver",118
"organic",117
"within",117
"highest",116
"batch",115
"famous",115
"take",115
"china",114
"drugs",114
"market",114
"phone",113
"plants",113
"stuff",113
"need",112
"red",112
"sildenafil",112
"adderall",111
"dosage",111
"limited",111
"send",111
"smell",111
"taste",111
"world",111
"edition",110
"entire",110
"bud",109
"color",109
"custom",109
"picture",108
"quinolinyl",108
"selling",108
"uncut",108
"aus",107
"fast",107
"hydro",107
"offering",107
"oil",107
"they",107
"xtal",107
"cross",106
"messaging",106
"classic",105
"life",105
"brown",104
"contents",104
"much",104
"pureness",104
"twins",104
"every",103
"item",103
"ounce",103
"place",103
"software",103
"summary",103
"bought",102
"codeine",102
"double",102
"german",102
"known",102
"gold",101
"here",101
"listings",101
"look",101
"visuals",101
"bkmddma",100
"hours",100
"nur",100
"paid",100
"windows",100
"work",100
"comes",99
"its",98
"lab",98
"mit",98
"nbome",98
"professional",98
"without",98
"purple",97
"family",96
"fluff",96
"people",96
"research",96
"complete",95
"fake",95
"got",95
"shatter",95
"thai",95
"amnesia",94
"anonymous",94
"condition",94
"half",94
"pain",94
"pictures",94
"postage",94
"that",94
"cialis",93
"domestic",93
"dream",93
"purchase",93
"beautiful",91
"medical",91
"perfect",91
"placed",91
"tormarket",91
"way",91
"achtung",90
"bei",90
"bestellen",90
"brick",90
"choose",90
"diesem",90
"einverstanden",90
"ihr",90
"premium",90
"rabatt",90
"seid",90
"strength",90
"verkäufer",90
"verrechnet",90
"wenn",90
"wir",90
"required",89
"version",89
"viagra",89
"bitcoin",88
"finest",88
"mind",88
"pfizer",88
"amazon",87
"crack",87
"diazepam",87
"hcl",87
"passport",87
"working",87
"year",87
"end",86
"sell",86
"step",86
"works",86
"countries",85
"dark",85
"freshly",85
"lemon",85
"stronger",85
"dominant",84
"hublot",84
"long",84
"provided",84
"unique",84
"try",83
"containing",82
"dumps",82
"games",82
"hacked",82
"magic",82
"oevs",82
"tramadol",82
"valid",82
"amazing",81
"better",81
"days",81
"feedback",81
"legal",81
"really",81
"rolex",81
"clonazepam",80
"policy",80
"potency",80
"sisomer",80
"ceramic",79
"cvv",79
"experience",79
"find",79
"guaranteed",79
"hello",79
"print",79
"valium",79
"bkmdma",78
"outstanding",78
"serial",78
"shelf",78
"strains",78
"years",78
"come",77
"cubensis",77
"ebook",77
"pdf",77
"able",76
"blow",76
"cannabis",76
"expiry",76
"give",76
"heavy",76
"last",76
"proper",76
"ultra",76
"ecstasy",75
"internet",75
"may",75
"purest",75
"still",75
"counterfeit",74
"heisenbergmontana",74
"heisenbergmontanas",74
"holland",74
"pages",74
"popular",74
"smooth",74
"trackable",74
"twitter",74
"users",74
"chocolate",73
"detailed",73
"included",73
"und",73
"ccs",72
"consumption",72
"dob",72
"nsaminocarbonyl",72
"oxycodon",72
"perfectly",72
"require",72
"scott",72
"submariner",72
"back",71
"box",71
"clear",71
"each",71
"large",71
"post",71
"socks",71
"awesome",70
"cash",70
"currently",70
"house",70
"introduction",70
"mags",70
"microsoft",70
"northern",70
"pack",70
"placing",70
"pleasant",70
"learn",69
"master",69
"psilocybe",69
"superman",69
"alcohol",68
"deutschland",68
"dmt",68
"glass",68
"mgml",68
"never",68
"pgp",68
"tutorials",68
"cheap",67
"gre",67
"regular",67
"ebay",66
"hit",66
"partyflock",66
"pollum",66
"promotional",66
"stock",66
"system",66
"attached",65
"different",65
"hoffman",65
"most",65
"scan",65
"tab",65
"chemistry",64
"chew",64
"leaf",64
"mushrooms",64
"options",64
"sand",64
"shards",64
"underground",64
"identity",63
"resolution",63
"those",63
"ways",63
"welcome",63
"bang",62
"capsules",62
"even",62
"herer",62
"partyflocks",62
"why",62
"zolpidem",62
"affordable",61
"computer",61
"fire",61
"interways",61
"message",61
"presents",61
"sulphate",61
"tablets",61
"track",61
"watchcase",61
"based",60
"canadian",60
"cev",60
"cheeba",60
"contain",60
"fantasies",60
"form",60
"ghb",60
"hand",60
"have",60
"headfuck",60
"jesus",60
"minor",60
"oev",60
"power",60
"show",60
"wont",60
"conditions",59
"flakes",59
"oxycodone",59
"techniques",59
"tor",59
"complexed",58
"either",58
"essential",58
"etc",58
"fully",58
"hpbcd",58
"netherlands",58
"ordered",58
"receive",58
"roche",58
"round",58
"suspension",58
"authentic",57
"dried",57
"effects",57
"email",57
"flushed",57
"hack",57
"highly",57
"ill",57
"ive",57
"orange",57
"pollen",57
"release",57
"seen",57
"testosterone",57
"activates",56
"always",56
"btc",56
"drops",56
"handbook",56
"mac",56
"mundipharma",56
"pound",56
"supply",56
"accepted",55
"access",55
"another",55
"average",55
"balance",55
"bezel",55
"female",55
"guides",55
"kind",55
"mushroom",55
"audemars",54
"bicycle",54
"cevs",54
"citrate",54
"dalai",54
"darknet",54
"details",54
"lama",54
"little",54
"love",54
"piguet",54
"psychedelics",54
"fraud",53
"herbal",53
"hofmann",53
"leaves",53
"loving",53
"low",53
"mgtab",53
"pipe",53
"postal",53
"powerful",53
"safe",53
"say",53
"set",53
"sheep",53
"absolute",52
"albert",52
"beginners",52
"dice",52
"fentanyl",52
"following",52
"hey",52
"naturally",52
"needed",52
"payment",52
"replicas",52
"shivas",52
"spirit",52
"state",52
"anything",51
"bho",51
"change",51
"ebooks",51
"gel",51
"going",51
"includes",51
"modafinil",51
"more",51
"patch",51
"pharmacy",51
"social",51
"type",51
"vendors",51
"ativan",50
"brothers",50
"cleanest",50
"covered",50
"file",50
"growing",50
"killer",50
"pay",50
"possible",50
"psilocybin",50
"sealed",50
"sites",50
"tastes",50
"trips",50
"fat",49
"fuel",49
"gun",49
"important",49
"late",49
"manual",49
"plant",49
"questions",49
"review",49
"sugar",49
"breitling",48
"critical",48
"current",48
"customers",48
"diesel",48
"earth",48
"etizolam",48
"galaxy",48
"glock",48
"headspace",48
"mdm",48
"mescaline",48
"rest",48
"royal",48
"strawberry",48
"view",48
"coffeshop",47
"faster",47
"houses",47
"least",47
"line",47
"muscle",47
"numbers",47
"person",47
"pungent",47
"add",46
"cant",46
"country",46
"found",46
"include",46
"looking",46
"pass",46
"point",46
"seller",46
"sorry",46
"various",46
"art",45
"bmr",45
"buying",45
"finalized",45
"hydrocodone",45
"imported",45
"intense",45
"provide",45
"provides",45
"ready",45
"scam",45
"seed",45
"smells",45
"som",45
"arctic",44
"away",44
"bins",44
"checking",44
"customer",44
"dial",44
"experienced",44
"kamagra",44
"logo",44
"main",44
"pcs",44
"scanned",44
"scans",44
"setup",44
"wide",44
"youre",44
"afghani",43
"amount",43
"anxiety",43
"cnbome",43
"easily",43
"goal",43
"higher",43
"keep",43
"mass",43
"opiate",43
"pics",43
"right",43
"simple",43
"withdraw",43
"canada",42
"decent",42
"elves",42
"fishscale",42
"front",42
"ids",42
"lot",42
"manufacturer",42
"methadone",42
"norco",42
"package",42
"parts",42
"spiritual",42
"unlimited",42
"uses",42
"widow",42
"bad",41
"bars",41
"blueberry",41
"debit",41
"history",41
"machine",41
"oldfashioned",41
"pharmaceutical",41
"possibly",41
"prior",41
"shrooms",41
"start",41
"sticky",41
"sun",41
"test",41
"usual",41
"usually",41
"vacuum",41
"validity",41
"verification",41
"written",41
"youll",41
"abbott",40
"atm",40
"branded",40
"california",40
"comprehensive",40
"discount",40
"gets",40
"herrer",40
"lorazepam",40
"psychology",40
"risk",40
"shiva",40
"short",40
"smokes",40
"sour",40
"spongebob",40
"squarepants",40
"stomach",40
"topquality",40
"trimmed",40
"verifications",40
"water",40
"areas",39
"books",39
"breaking",39
"due",39
"everything",39
"grow",39
"indoors",39
"labtested",39
"movement",39
"process",39
"side",39
"since",39
"some",39
"thing",39
"variety",39
"vbv",39
"yet",39
"anonymously",38
"anyone",38
"bills",38
"bnbome",38
"carefully",38
"colored",38
"colour",38
"creditdebit",38
"emotional",38
"listed",38
"middle",38
"pro",38
"psychoactive",38
"smuggling",38
"tips",38
"ajanta",37
"ambien",37
"anywhere",37
"dense",37
"documents",37
"done",37
"drawing",37
"encrypt",37
"enterprise",37
"grateful",37
"guys",37
"hrs",37
"left",37
"marlboro",37
"newest",37
"rare",37
"roll",37
"single",37
"steel",37
"treatment",37
"abfubinaca",36
"abpinaca",36
"already",36
"announcing",36
"cbd",36
"chnof",36
"code",36
"cola",36
"complaint",36
"copy",36
"defqon",36
"extra",36
"fab",36
"fabpinaca",36
"fdupb",36
"fluffy",36
"fluo",36
"fluoro",36
"fluoroben",36
"fluorop",36
"fluoropentylnnaphth",36
"fmn",36
"fpb",36
"fsdb",36
"fubpb",36
"generation",36
"greenhouse",36
"head",36
"hindu",36
"homegrow",36
"legendary",36
"meopcp",36
"naphthalen",36
"nbenzylpe",36
"non",36
"notch",36
"nrcarbamoylmethy",36
"others",36
"pentylhin",36
"privacy",36
"producer",36
"proudly",36
"psy",36
"qdance",36
"released",36
"replace",36
"resin",36
"sativaindica",36
"second",36
"secure",36
"sensi",36
"shivabudha",36
"south",36
"synthesis",36
"think",36
"timeout",36
"america",35
"amex",35
"deal",35
"explosives",35
"help",35
"hybrids",35
"month",35
"mostly",35
"norcos",35
"offers",35
"photo",35
"public",35
"region",35
"relief",35
"rock",35
"sim",35
"soon",35
"stainless",35
"actually",34
"android",34
"are",34
"area",34
"asian",34
"bag",34
"bhang",34
"bit",34
"bypass",34
"chronograph",34
"chunks",34
"class",34
"dear",34
"edges",34
"friendly",34
"hidden",34
"including",34
"net",34
"official",34
"old",34
"over",34
"prescribed",34
"prices",34
"printing",34
"reloadable",34
"roxy",34
"sure",34
"tomorrowmansafemailnet",34
"typically",34
"web",34
"website",34
"agree",33
"amphetamin",33
"excellent",33
"extreme",33
"general",33
"illegal",33
"mail",33
"maturity",33
"noob",33
"porn",33
"produced",33
"products",33
"propranolol",33
"refund",33
"same",33
"secret",33
"standard",33
"strip",33
"tadalafil",33
"testing",33
"virtual",33
"warning",33
"activateable",32
"after",32
"american",32
"around",32
"australian",32
"avoid",32
"content",32
"couple",32
"dead",32
"diamonds",32
"eta",32
"feel",32
"krka",32
"laid",32
"marketplaces",32
"mix",32
"och",32
"out",32
"packed",32
"prettiest",32
"probably",32
"relatively",32
"rocks",32
"seal",32
"smp",32
"stead",32
"stone",32
"store",32
"table",32
"taken",32
"things",32
"three",32
"tracked",32
"treat",32
"volume",32
"warner",32
"yel",32
"aaaa",31
"about",31
"act",31
"asking",31
"business",31
"city",31
"dump",31
"euphoria",31
"hermes",31
"less",31
"link",31
"oral",31
"proxy",31
"rose",31
"rules",31
"shop",31
"smoked",31
"asia",30
"basics",30
"bonus",30
"called",30
"care",30
"coke",30
"commonly",30
"enjoy",30
"hab",30
"hig",30
"improvised",30
"inderal",30
"intended",30
"international",30
"knock",30
"negative",30
"often",30
"oxy",30
"piece",30
"profit",30
"report",30
"requires",30
"secrets",30
"similar",30
"smoking",30
"space",30
"teach",30
"theyre",30
"unknown",30
"yield",30
"along",29
"anon",29
"buck",29
"chemical",29
"compounds",29
"delivered",29
"eat",29
"enough",29
"genetics",29
"inn",29
"magnetic",29
"match",29
"molly",29
"oxycontin",29
"quantities",29
"replacement",29
"request",29
"section",29
"states",29
"strongest",29
"win",29
"afghanistan",28
"bill",28
"blend",28
"blister",28
"brewed",28
"chclno",28
"chloro",28
"consciousness",28
"cost",28
"dimethoxyp",28
"earthy",28
"explains",28
"getting",28
"hairs",28
"healthy",28
"hell",28
"inlay",28
"items",28
"juicy",28
"let",28
"limit",28
"lysergic",28
"making",28
"markets",28
"materialises",28
"originally",28
"plus",28
"pressed",28
"qty",28
"ride",28
"shows",28
"site",28
"texture",28
"there",28
"told",28
"triple",28
"uncommon",28
"unlike",28
"vigour",28
"warranty",28
"yielding",28
"buyer",27
"features",27
"import",27
"own",27
"panadora",27
"pick",27
"relaxing",27
"santa",27
"stay",27
"utility",27
"begin",26
"block",26
"cardable",26
"chapters",26
"concentrated",26
"create",26
"crushed",26
"daytime",26
"designed",26
"disorders",26
"east",26
"exp",26
"fine",26
"golden",26
"happy",26
"ink",26
"mcg",26
"notrack",26
"physical",26
"polish",26
"priority",26
"rolls",26
"survival",26
"templates",26
"trade",26
"trip",26
"union",26
"where",26
"zeland",26
"basic",25
"checked",25
"choice",25
"daily",25
"dec",25
"delta",25
"doubt",25
"expensive",25
"fin",25
"five",25
"flavor",25
"flip",25
"friends",25
"germany",25
"hard",25
"leaked",25
"losing",25
"miffy",25
"nijntje",25
"open",25
"packaging",25
"passports",25
"priced",25
"serve",25
"sometimes",25
"specific",25
"stack",25
"stars",25
"style",25
"tacking",25
"tell",25
"text",25
"tight",25
"together",25
"visit",25
"wait",25
"weapons",25
"yes",25
"arrive",24
"believe",24
"benzodiazepines",24
"beveled",24
"carders",24
"conta",24
"decemberjanuary",24
"diethylamide",24
"dimethoxyphen",24
"edibles",24
"effective",24
"explain",24
"flowering",24
"gives",24
"hackers",24
"human",24
"jamaican",24
"job",24
"loud",24
"mastervisaamex",24
"mediumstrong",24
"memorable",24
"nugs",24
"oxygesic",24
"pharm",24
"pieces",24
"planet",24
"presses",24
"problems",24
"properties",24
"range",24
"rates",24
"reason",24
"seeing",24
"shiny",24
"shit",24
"shorts",24
"source",24
"successors",24
"superstore",24
"synthetic",24
"tolerance",24
"ukrime",24
"upjohn",24
"usage",24
"while",24
"addition",23
"almost",23
"colorful",23
"confidence",23
"course",23
"dadha",23
"discreetly",23
"guarantee",23
"highquality",23
"hitspieces",23
"nndmt",23
"obtain",23
"other",23
"period",23
"put",23
"quick",23
"reasons",23
"scale",23
"shape",23
"ships",23
"skywalker",23
"species",23
"steroid",23
"uplifting",23
"advanced",22
"advice",22
"bph",22
"candy",22
"chemdawg",22
"companies",22
"cuts",22
"description",22
"direct",22
"dut",22
"exact",22
"fish",22
"god",22
"gorgeous",22
"inbox",22
"instead",22
"knowledge",22
"lls",22
"mastercard",22
"months",22
"multiple",22
"mundipharmasample",22
"ocsfrom",22
"oxycontinoxynormoxygesic",22
"parents",22
"personal",22
"pretty",22
"qualitest",22
"raw",22
"safety",22
"samples",22
"save",22
"science",22
"ssn",22
"starts",22
"successful",22
"tablet",22
"value",22
"washed",22
"widely",22
"wish",22
"worlds",22
"actual",21
"among",21
"base",21
"described",21
"gcms",21
"glassy",21
"hydrochloride",21
"indicasativa",21
"jan",21
"longcardnumber",21
"loved",21
"medicinal",21
"packages",21
"possess",21
"program",21
"published",21
"quite",21
"rocket",21
"safely",21
"sampler",21
"separate",21
"silkysmth",21
"soft",21
"statements",21
"stick",21
"stra",21
"strictly",21
"takes",21
"telephone",21
"thanks",21
"tools",21
"understand",21
"unless",21
"whiteclear",21
"abbreviated",20
"accessible",20
"active",20
"allylescaline",20
"been",20
"bubbles",20
"build",20
"che",20
"christ",20
"colloquially",20
"commercially",20
"correct",20
"delicious",20
"dessa",20
"dig",20
"doggs",20
"else",20
"finally",20
"french",20
"harmful",20
"httpagorabasakxmewwwonionvendorgreenmachine",20
"incredibles",20
"inside",20
"landrace",20
"lifetime",20
"lysergide",20
"mellow",20
"methylenedioxyamphetamine",20
"mild",20
"nasa",20
"obtained",20
"outer",20
"overall",20
"properly",20
"protect",20
"quartz",20
"religious",20
"reported",20
"restrictions",20
"rise",20
"rockets",20
"semisynthetic",20
"sexy",20
"signature",20
"snoop",20
"specified",20
"stepbystep",20
"steps",20
"sto",20
"success",20
"systems",20
"tricks",20
"ugly",20
"united",20
"valiumdiazepam",20
"valiums",20
"visamc",20
"added",19
"benzo",19
"benzodiazepine",19
"but",19
"central",19
"changing",19
"chemists",19
"clearly",19
"completely",19
"favorite",19
"flaky",19
"grab",19
"location",19
"methylenedioxynmethylamphetamine",19
"nervous",19
"outside",19
"pebbles",19
"plastic",19
"pmk",19
"question",19
"responsible",19
"ten",19
"tried",19
"twice",19
"visual",19
"watson",19
"whatever",19
"whats",19
"additivesand",18
"apap",18
"ask",18
"automatically",18
"batches",18
"burned",18
"cadila",18
"clearnet",18
"combination",18
"covers",18
"dealers",18
"expect",18
"hollymollys",18
"httpsanonfilescomfilecbbaaccfccccd",18
"huge",18
"humans",18
"influence",18
"kill",18
"major",18
"means",18
"mixedcut",18
"mountains",18
"nothing",18
"october",18
"outdoors",18
"päivittäin",18
"plated",18
"prescription",18
"proven",18
"purposes",18
"recommended",18
"synthed",18
"taking",18
"went",18
"who",18
"whole",18
"worth",18
"zydus",18
